{"products":[{"id":"0.18066888561587957","qty":1}],"totalPrice":33.98999999999998}